{"frames":{"virus0.png":{"frame":{"x":0,"y":0,"w":64,"h":64},"rotated":false,"trimmed":false,"spriteSourceSize":{"x":0,"y":0,"w":64,"h":64},"sourceSize":{"w":64,"h":64}},"virus1.png":{"frame":{"x":64,"y":0,"w":64,"h":64},"rotated":false,"trimmed":false,"spriteSourceSize":{"x":0,"y":0,"w":64,"h":64},"sourceSize":{"w":64,"h":64}},"virus2.png":{"frame":{"x":128,"y":0,"w":64,"h":64},"rotated":false,"trimmed":false,"spriteSourceSize":{"x":0,"y":0,"w":64,"h":64},"sourceSize":{"w":64,"h":64}},"virus3.png":{"frame":{"x":192,"y":0,"w":64,"h":64},"rotated":false,"trimmed":false,"spriteSourceSize":{"x":0,"y":0,"w":64,"h":64},"sourceSize":{"w":64,"h":64}},"virus4.png":{"frame":{"x":256,"y":0,"w":64,"h":64},"rotated":false,"trimmed":false,"spriteSourceSize":{"x":0,"y":0,"w":64,"h":64},"sourceSize":{"w":64,"h":64}},"virus5.png":{"frame":{"x":320,"y":0,"w":64,"h":64},"rotated":false,"trimmed":false,"spriteSourceSize":{"x":0,"y":0,"w":64,"h":64},"sourceSize":{"w":64,"h":64}},"virus6.png":{"frame":{"x":384,"y":0,"w":64,"h":64},"rotated":false,"trimmed":false,"spriteSourceSize":{"x":0,"y":0,"w":64,"h":64},"sourceSize":{"w":64,"h":64}},"virus7.png":{"frame":{"x":448,"y":0,"w":64,"h":64},"rotated":false,"trimmed":false,"spriteSourceSize":{"x":0,"y":0,"w":64,"h":64},"sourceSize":{"w":64,"h":64}},"virus8.png":{"frame":{"x":512,"y":0,"w":64,"h":64},"rotated":false,"trimmed":false,"spriteSourceSize":{"x":0,"y":0,"w":64,"h":64},"sourceSize":{"w":64,"h":64}},"virus9.png":{"frame":{"x":576,"y":0,"w":64,"h":64},"rotated":false,"trimmed":false,"spriteSourceSize":{"x":0,"y":0,"w":64,"h":64},"sourceSize":{"w":64,"h":64}},"virus10.png":{"frame":{"x":640,"y":0,"w":64,"h":64},"rotated":false,"trimmed":false,"spriteSourceSize":{"x":0,"y":0,"w":64,"h":64},"sourceSize":{"w":64,"h":64}},"virus11.png":{"frame":{"x":704,"y":0,"w":64,"h":64},"rotated":false,"trimmed":false,"spriteSourceSize":{"x":0,"y":0,"w":64,"h":64},"sourceSize":{"w":64,"h":64}}},"meta":{"app":"https://github.com/piskelapp/piskel/","version":"1.0","image":"virus.png","format":"RGBA8888","size":{"w":768,"h":64}}}