{"frames":{"lumberjack0.png":{"frame":{"x":0,"y":0,"w":16,"h":32},"rotated":false,"trimmed":false,"spriteSourceSize":{"x":0,"y":0,"w":16,"h":32},"sourceSize":{"w":16,"h":32}},"lumberjack1.png":{"frame":{"x":16,"y":0,"w":16,"h":32},"rotated":false,"trimmed":false,"spriteSourceSize":{"x":0,"y":0,"w":16,"h":32},"sourceSize":{"w":16,"h":32}},"lumberjack2.png":{"frame":{"x":32,"y":0,"w":16,"h":32},"rotated":false,"trimmed":false,"spriteSourceSize":{"x":0,"y":0,"w":16,"h":32},"sourceSize":{"w":16,"h":32}},"lumberjack3.png":{"frame":{"x":48,"y":0,"w":16,"h":32},"rotated":false,"trimmed":false,"spriteSourceSize":{"x":0,"y":0,"w":16,"h":32},"sourceSize":{"w":16,"h":32}},"lumberjack4.png":{"frame":{"x":64,"y":0,"w":16,"h":32},"rotated":false,"trimmed":false,"spriteSourceSize":{"x":0,"y":0,"w":16,"h":32},"sourceSize":{"w":16,"h":32}},"lumberjack5.png":{"frame":{"x":80,"y":0,"w":16,"h":32},"rotated":false,"trimmed":false,"spriteSourceSize":{"x":0,"y":0,"w":16,"h":32},"sourceSize":{"w":16,"h":32}},"lumberjack6.png":{"frame":{"x":0,"y":32,"w":16,"h":32},"rotated":false,"trimmed":false,"spriteSourceSize":{"x":0,"y":0,"w":16,"h":32},"sourceSize":{"w":16,"h":32}},"lumberjack7.png":{"frame":{"x":16,"y":32,"w":16,"h":32},"rotated":false,"trimmed":false,"spriteSourceSize":{"x":0,"y":0,"w":16,"h":32},"sourceSize":{"w":16,"h":32}},"lumberjack8.png":{"frame":{"x":32,"y":32,"w":16,"h":32},"rotated":false,"trimmed":false,"spriteSourceSize":{"x":0,"y":0,"w":16,"h":32},"sourceSize":{"w":16,"h":32}},"lumberjack9.png":{"frame":{"x":48,"y":32,"w":16,"h":32},"rotated":false,"trimmed":false,"spriteSourceSize":{"x":0,"y":0,"w":16,"h":32},"sourceSize":{"w":16,"h":32}},"lumberjack10.png":{"frame":{"x":64,"y":32,"w":16,"h":32},"rotated":false,"trimmed":false,"spriteSourceSize":{"x":0,"y":0,"w":16,"h":32},"sourceSize":{"w":16,"h":32}},"lumberjack11.png":{"frame":{"x":80,"y":32,"w":16,"h":32},"rotated":false,"trimmed":false,"spriteSourceSize":{"x":0,"y":0,"w":16,"h":32},"sourceSize":{"w":16,"h":32}},"lumberjack12.png":{"frame":{"x":0,"y":64,"w":16,"h":32},"rotated":false,"trimmed":false,"spriteSourceSize":{"x":0,"y":0,"w":16,"h":32},"sourceSize":{"w":16,"h":32}},"lumberjack13.png":{"frame":{"x":16,"y":64,"w":16,"h":32},"rotated":false,"trimmed":false,"spriteSourceSize":{"x":0,"y":0,"w":16,"h":32},"sourceSize":{"w":16,"h":32}},"lumberjack14.png":{"frame":{"x":32,"y":64,"w":16,"h":32},"rotated":false,"trimmed":false,"spriteSourceSize":{"x":0,"y":0,"w":16,"h":32},"sourceSize":{"w":16,"h":32}},"lumberjack15.png":{"frame":{"x":48,"y":64,"w":16,"h":32},"rotated":false,"trimmed":false,"spriteSourceSize":{"x":0,"y":0,"w":16,"h":32},"sourceSize":{"w":16,"h":32}},"lumberjack16.png":{"frame":{"x":64,"y":64,"w":16,"h":32},"rotated":false,"trimmed":false,"spriteSourceSize":{"x":0,"y":0,"w":16,"h":32},"sourceSize":{"w":16,"h":32}},"lumberjack17.png":{"frame":{"x":80,"y":64,"w":16,"h":32},"rotated":false,"trimmed":false,"spriteSourceSize":{"x":0,"y":0,"w":16,"h":32},"sourceSize":{"w":16,"h":32}},"lumberjack18.png":{"frame":{"x":0,"y":96,"w":16,"h":32},"rotated":false,"trimmed":false,"spriteSourceSize":{"x":0,"y":0,"w":16,"h":32},"sourceSize":{"w":16,"h":32}},"lumberjack19.png":{"frame":{"x":16,"y":96,"w":16,"h":32},"rotated":false,"trimmed":false,"spriteSourceSize":{"x":0,"y":0,"w":16,"h":32},"sourceSize":{"w":16,"h":32}},"lumberjack20.png":{"frame":{"x":32,"y":96,"w":16,"h":32},"rotated":false,"trimmed":false,"spriteSourceSize":{"x":0,"y":0,"w":16,"h":32},"sourceSize":{"w":16,"h":32}}},"meta":{"app":"https://github.com/piskelapp/piskel/","version":"1.0","image":"lumberjack.png","format":"RGBA8888","size":{"w":96,"h":128}}}